"","SNP","effect_allele.exposure","other_allele.exposure","effect_allele.outcome","other_allele.outcome","beta.exposure","beta.outcome","eaf.exposure","eaf.outcome","remove","palindromic","ambiguous","id.outcome","pos.outcome","pval.outcome","se.outcome","outcome","mr_keep.outcome","pval_origin.outcome","data_source.outcome","V1","se.exposure","pval.exposure","exposure","mr_keep.exposure","pval_origin.exposure","id.exposure","data_source.exposure","action","SNP_index","mr_keep","samplesize.outcome"
"1","rs11073147","G","A","G","A",0.025,0.0413258,0.54,NA,FALSE,FALSE,FALSE,"rC71Sv",36100361,0.0965562,0.0248684,"outcome",TRUE,"reported","textfile",15,0.005,4.26e-08,"exposure",TRUE,"reported","dkKGzq","textfile",2,1,TRUE,NA
"2","rs11129735","G","A","G","A",-0.026,-0.0357767,0.538,NA,FALSE,FALSE,FALSE,"rC71Sv",36828739,0.152571,0.0250098,"outcome",TRUE,"reported","textfile",3,0.005,1.53e-08,"exposure",TRUE,"reported","dkKGzq","textfile",2,1,TRUE,NA
"3","rs11662800","G","A","G","A",-0.028,-0.0159309,0.582,NA,FALSE,FALSE,FALSE,"rC71Sv",13271368,0.533942,0.0256124,"outcome",TRUE,"reported","textfile",20,0.005,2.42e-09,"exposure",TRUE,"reported","dkKGzq","textfile",2,1,TRUE,NA
"4","rs11716527","C","T","C","T",0.049,0.0168185,0.095,NA,FALSE,FALSE,FALSE,"rC71Sv",89937130,0.744893,0.0516887,"outcome",TRUE,"reported","textfile",4,0.009,6.69e-09,"exposure",TRUE,"reported","dkKGzq","textfile",2,1,TRUE,NA
"5","rs117173251","C","T","C","T",-0.077,0.0231647,0.967,NA,FALSE,FALSE,FALSE,"rC71Sv",4329209,0.787,0.0857291,"outcome",TRUE,"reported","textfile",10,0.014,2.48e-08,"exposure",TRUE,"reported","dkKGzq","textfile",2,1,TRUE,NA
"6","rs1656794","G","A","G","A",0.031,-0.0168917,0.716,NA,FALSE,FALSE,FALSE,"rC71Sv",77390827,0.523814,0.0264977,"outcome",TRUE,"reported","textfile",18,0.005,3.58e-09,"exposure",TRUE,"reported","dkKGzq","textfile",2,1,TRUE,NA
"7","rs1752169","C","A","C","A",-0.032,0.00741421,0.731,NA,FALSE,FALSE,FALSE,"rC71Sv",123824284,0.771978,0.025585,"outcome",TRUE,"reported","textfile",11,0.005,1.64e-09,"exposure",TRUE,"reported","dkKGzq","textfile",2,1,TRUE,NA
"8","rs1874832","G","A","G","A",0.038,-0.00703343,0.168,NA,FALSE,FALSE,FALSE,"rC71Sv",66967900,0.850489,0.0373136,"outcome",TRUE,"reported","textfile",17,0.007,3.22e-09,"exposure",TRUE,"reported","dkKGzq","textfile",2,1,TRUE,NA
"9","rs4714422","G","A","G","A",0.029,0.00510319,0.239,NA,FALSE,FALSE,FALSE,"rC71Sv",41044666,0.857489,0.0284187,"outcome",TRUE,"reported","textfile",7,0.005,4.81e-08,"exposure",TRUE,"reported","dkKGzq","textfile",2,1,TRUE,NA
"10","rs4721089","C","T","C","T",-0.034,-0.00472874,0.243,NA,FALSE,FALSE,FALSE,"rC71Sv",1833285,0.864508,0.027712,"outcome",TRUE,"reported","textfile",8,0.006,7.92e-10,"exposure",TRUE,"reported","dkKGzq","textfile",2,1,TRUE,NA
"11","rs480840","C","T","C","T",0.025,-0.00477456,0.423,NA,FALSE,FALSE,FALSE,"rC71Sv",74914952,0.850419,0.025318,"outcome",TRUE,"reported","textfile",13,0.005,4.46e-08,"exposure",TRUE,"reported","dkKGzq","textfile",2,1,TRUE,NA
"12","rs75756987","G","C","G","C",0.044,-0.0428005,0.888,NA,FALSE,TRUE,TRUE,"rC71Sv",46347381,0.252886,0.0374337,"outcome",TRUE,"reported","textfile",21,0.007,1.61e-09,"exposure",TRUE,"reported","dkKGzq","textfile",2,1,FALSE,NA
"13","rs7656001","G","A","G","A",-0.026,-0.0219897,0.45,NA,FALSE,FALSE,FALSE,"rC71Sv",90322714,0.375688,0.0248227,"outcome",TRUE,"reported","textfile",6,0.005,1.23e-08,"exposure",TRUE,"reported","dkKGzq","textfile",2,1,TRUE,NA
"14","rs8033609","C","A","C","A",-0.027,-0.0044978,0.455,NA,FALSE,FALSE,FALSE,"rC71Sv",60646617,0.862378,0.0259466,"outcome",TRUE,"reported","textfile",16,0.005,1.11e-08,"exposure",TRUE,"reported","dkKGzq","textfile",2,1,TRUE,NA
"15","rs9319382","C","T","C","T",0.028,-0.0359214,0.679,NA,FALSE,FALSE,FALSE,"rC71Sv",27670990,0.165581,0.0259072,"outcome",TRUE,"reported","textfile",14,0.005,2.87e-08,"exposure",TRUE,"reported","dkKGzq","textfile",2,1,TRUE,NA
